{"reward": 0.12873571846340626, "_timestamp": 1698837212.4878342, "_runtime": 3.1697521209716797, "_step": 999, "_wandb": {"runtime": 2}}