{"collision-rate": 0.3014981924253459, "_timestamp": 1697169071.819526, "_runtime": 7.3538899421691895, "_step": 999, "_wandb": {"runtime": 6}}