{"success-rate": 0.2498437499999966, "_timestamp": 1697636515.354723, "_runtime": 8.154605865478516, "_step": 999, "_wandb": {"runtime": 8}}