{"success-rate": 0.48397982796264566, "_timestamp": 1698211061.486669, "_runtime": 4.627655982971191, "_step": 999, "_wandb": {"runtime": 4}}