{"{param}": "e", "_timestamp": 1696402905.9251041, "_runtime": 3.0052661895751953, "_step": 31, "_wandb": {"runtime": 2}}