{"_runtime": 6.293020009994507, "accuracy": 0.8, "_timestamp": 1696407849.96606, "loss": 0.2, "_step": 2, "_wandb": {"runtime": 3}}