{"Parameter logged: success-rate": -69.50748543066042, "_timestamp": 1696427351.741623, "_runtime": 3.9016218185424805, "_step": 999, "_wandb": {"runtime": 3}}