{"success-rate": 0.2498437499999966, "_timestamp": 1697603418.943169, "_runtime": 5.06761908531189, "_step": 999, "_wandb": {"runtime": 5}}