{"acc": 0.7613251988720775, "loss": 0.22466770763151694, "_timestamp": 1696271426.021238, "_runtime": 3.6530470848083496, "_step": 7, "_wandb": {"runtime": 1}}