{"success-rate": -69.50748543066042, "_timestamp": 1696404282.392017, "_runtime": 6.400986909866333, "_step": 999, "_wandb": {"runtime": 5}}