{"Parameter logged: reward": 0.44707451714149316, "_timestamp": 1696406357.5137339, "_runtime": 3.741079807281494, "_step": 999, "_wandb": {"runtime": 3}}