{"Parameter logged: success-rate": 0.2498437499999966, "_timestamp": 1697167938.81625, "_runtime": 4.223971128463745, "_step": 999, "_wandb": {"runtime": 4}}