{"acc": 0.8209109555809334, "loss": 0.19480321083130095, "_timestamp": 1696271412.639544, "_runtime": 3.4924139976501465, "_step": 7, "_wandb": {"runtime": 1}}