{"success-rate": 0.06255855448250536, "_timestamp": 1698434970.599086, "_runtime": 4.150277137756348, "_step": 999, "_wandb": {"runtime": 3}}