{"success-rate": 0.038716907148205665, "_timestamp": 1698433914.2571158, "_runtime": 3.3616209030151367, "_step": 999, "_wandb": {"runtime": 3}}