{"success-rate": 0.051285010734615666, "_timestamp": 1698845717.104774, "_runtime": 2.8243091106414795, "_step": 999, "_wandb": {"runtime": 2}}