{"acc": 0.8926363666470261, "loss": 0.13182274694437407, "_timestamp": 1696276468.0475981, "_runtime": 4.328684091567993, "_step": 17, "test": 9, "_wandb": {"runtime": 3}}