{"last-values": 0.5345965530046397, "_timestamp": 1698434147.183284, "_runtime": 3.2745540142059326, "_step": 8, "_wandb": {"runtime": 2}}