{"success-rate": 100.0, "_timestamp": 1696403397.066009, "_runtime": 4.455384016036987, "_step": 31, "reward": 0.973425536283345, "collision-rate": 0.5640988528414419, "_wandb": {"runtime": 3}}