{"success-rate": 0.2498437499999966, "_timestamp": 1697602579.787976, "_runtime": 6.957972049713135, "_step": 999, "_wandb": {"runtime": 7}}