{"success-rate": 0.36569590396588714, "_timestamp": 1698210642.306357, "_runtime": 3.6893060207366943, "_step": 999, "_wandb": {"runtime": 3}}