{"acc": 0.8690196244183699, "loss": 0.21461029885216515, "_timestamp": 1696276493.6259, "_runtime": 5.020519018173218, "_step": 17, "test": 9, "_wandb": {"runtime": 3}}