{"success-rate": 0.2498437499999966, "_timestamp": 1698207219.7707891, "_runtime": 5.507123231887817, "_step": 999, "_wandb": {"runtime": 5}}