{"reward": 0.32775747278498313, "_timestamp": 1698834852.972565, "_runtime": 3.7380409240722656, "_step": 999, "_wandb": {"runtime": 2}}