{"success-rate": 0.2498437499999966, "_timestamp": 1697169262.397398, "_runtime": 4.618139028549194, "_step": 999, "_wandb": {"runtime": 4}}