{"Parameter logged: success-rate": 200.0, "_timestamp": 1696617690.8429272, "_runtime": 3.136247158050537, "_step": 999, "_wandb": {"runtime": 3}}