{"success-rate": 0.2498437499999966, "_timestamp": 1697600836.243986, "_runtime": 4.086679935455322, "_step": 999, "_wandb": {"runtime": 3}}