{"loss": 0.2, "_timestamp": 1696407055.0654678, "accuracy": 0.8, "_runtime": 5.412109851837158, "_step": 0, "_wandb": {"runtime": 4}}