{"success-rate": 0.32272327202040063, "_timestamp": 1698210480.1552472, "_runtime": 6.343355178833008, "_step": 999, "_wandb": {"runtime": 6}}