{"Last Values": 0.5216930012637502, "_timestamp": 1698837535.187854, "_runtime": 7.423936128616333, "_step": 1, "_wandb": {"runtime": 6}}