{"collision-rate": 0.6547172583133851, "_timestamp": 1698835612.70809, "_runtime": 2.9605941772460938, "_step": 999, "_wandb": {"runtime": 1}}