{"_step": 1, "_runtime": 5.41723895072937, "accuracy": 0.8, "_timestamp": 1696407836.011723, "loss": 0.2, "_wandb": {"runtime": 3}}