{"collision-rate": 0.2917932005143852, "_timestamp": 1698833919.19355, "_runtime": 4.335287094116211, "_step": 999, "_wandb": {"runtime": 3}}