{"hi": -69.50748543066042, "_timestamp": 1696405880.5053608, "_runtime": 3.1755998134613037, "_step": 999, "_wandb": {"runtime": 2}}