{"last-values": 0.5432389532170314, "_timestamp": 1698831227.8369658, "_runtime": 4.543636798858643, "_step": 0, "_wandb": {"runtime": 4}}