{"last-values": 0.025566565270563113, "_timestamp": 1698240952.197598, "_runtime": 3.022136926651001, "_step": 4, "_wandb": {"runtime": 2}}