{"loss": 0.2, "_step": 1, "_runtime": 6.089972972869873, "accuracy": 0.8, "_timestamp": 1696408051.1489239, "_wandb": {"runtime": 3}}