{"reward": 0.2982763779527663, "_timestamp": 1698835533.3993258, "_runtime": 3.97054386138916, "_step": 999, "_wandb": {"runtime": 3}}