{"Parameter logged: success-rate": 0.2498437499999966, "_timestamp": 1697167370.230657, "_runtime": 4.629873037338257, "_step": 999, "_wandb": {"runtime": 4}}