{"last-values": 0.5432389532170314, "date_metric": "2023-11-01", "_timestamp": 1698832846.2492192, "_runtime": 6.097394227981567, "_step": 0, "_wandb": {"runtime": 5}}