{"success-rate": 0.436497264478691, "_timestamp": 1698210072.948259, "_runtime": 6.688782215118408, "_step": 999, "_wandb": {"runtime": 6}}