{"success-rate": 0.2498437499999966, "_timestamp": 1698207335.881824, "_runtime": 4.147382020950317, "_step": 999, "_wandb": {"runtime": 4}}