{"collision-rate": 0.3289124793925794, "_timestamp": 1698837220.679382, "_runtime": 3.373418092727661, "_step": 999, "_wandb": {"runtime": 2}}