{"acc": 0.8003418825633432, "loss": 0.20215956965637, "_timestamp": 1696273005.017281, "_runtime": 3.731567144393921, "_step": 7, "_wandb": {"runtime": 2}}