{"success-rate": 0.10122179254723962, "_timestamp": 1698211312.491324, "_runtime": 6.17077898979187, "_step": 999, "_wandb": {"runtime": 6}}