{"success-rate": -69.50748543066042, "_timestamp": 1696406232.7199569, "_runtime": 4.961498975753784, "_step": 999, "_wandb": {"runtime": 4}}