{"success-rate": -69.50748543066042, "_timestamp": 1696405789.649024, "_runtime": 4.385250091552734, "_step": 999, "_wandb": {"runtime": 4}}