{"Parameter logged: success-rate": 11.441647597251887, "_timestamp": 1696616724.898535, "_runtime": 4.042469024658203, "_step": 999, "_wandb": {"runtime": 3}}