{"Last Values": 0.11688249870001308, "_timestamp": 1698210288.5648892, "_runtime": 5.418199300765991, "_step": 4, "_wandb": {"runtime": 4}}