{"success-rate": 0.5424402821144498, "_timestamp": 1698834845.330953, "_runtime": 3.296668767929077, "_step": 999, "_wandb": {"runtime": 3}}