{"Last Values": 0.12592879384606206, "_timestamp": 1698846331.658566, "_runtime": 2.9263060092926025, "_step": 4, "_wandb": {"runtime": 2}}