{"collision-rate": 0.5925737505048091, "_timestamp": 1698834812.97633, "_runtime": 3.6875569820404053, "_step": 999, "_wandb": {"runtime": 2}}