{"acc": 0.5852628164627705, "loss": 0.4570221720612928, "_timestamp": 1696276266.75514, "_runtime": 4.682278156280518, "_step": 7, "_wandb": {"runtime": 3}}