{"success-rate": -69.50748543066042, "_timestamp": 1696404795.0594208, "_runtime": 3.838690757751465, "_step": 999, "_wandb": {"runtime": 3}}