{"acc": 0.8071006469381987, "loss": 0.20085483241506197, "_timestamp": 1696276485.642276, "_runtime": 4.509765148162842, "_step": 17, "test": 9, "_wandb": {"runtime": 2}}