{"success-rate": -0.018584799257050366, "_timestamp": 1698433836.3626041, "_runtime": 4.803481101989746, "_step": 999, "_wandb": {"runtime": 4}}