{"success-rate": 0.42951304799735995, "_timestamp": 1698834795.860491, "_runtime": 3.7347970008850098, "_step": 999, "_wandb": {"runtime": 3}}