{"success-rate": -69.50748543066042, "_timestamp": 1696406022.6620958, "_runtime": 6.001170873641968, "_step": 999, "_wandb": {"runtime": 3}}