{"success-rate": 0.3732493297639484, "_timestamp": 1698833304.727236, "_runtime": 5.1286749839782715, "_step": 999, "_wandb": {"runtime": 4}}