{"Parameter logged: success-rate": 0.2498437499999966, "_timestamp": 1696619890.621036, "_runtime": 9.228142023086548, "_step": 999, "_wandb": {"runtime": 9}}