{"Parameter logged: collision-rate": 0.3014981924253459, "_timestamp": 1697168913.894003, "_runtime": 5.219712972640991, "_step": 999, "_wandb": {"runtime": 5}}