{"Last Values": 0.436497264478691, "_timestamp": 1698210083.520283, "_runtime": 5.181062936782837, "_step": 3, "_wandb": {"runtime": 4}}