{"acc": 0.7243827243520019, "loss": 0.22866359791398322, "_timestamp": 1696271405.9856992, "_runtime": 4.126144170761108, "_step": 7, "_wandb": {"runtime": 2}}