{"success-rate": 0.45652968227704255, "_timestamp": 1698835524.5560162, "_runtime": 3.545687198638916, "_step": 999, "_wandb": {"runtime": 3}}