{"loss": 0.2, "_timestamp": 1696407494.68542, "accuracy": 0.8, "_runtime": 3.456434965133667, "_step": 0, "_wandb": {"runtime": 2}}