{"collision-rate": 0.06288755839757931, "_timestamp": 1698836689.964412, "_runtime": 3.2581679821014404, "_step": 999, "_wandb": {"runtime": 2}}