{"reward": 0.04133193346780817, "_timestamp": 1698833911.151606, "_runtime": 3.1684951782226562, "_step": 999, "_wandb": {"runtime": 2}}