{"collision-rate": 0.8733021770662026, "_timestamp": 1698845731.811448, "_runtime": 3.4008421897888184, "_step": 999, "_wandb": {"runtime": 2}}