{"success-rate": 0.1771522399477321, "_timestamp": 1698209332.979882, "_runtime": 2.4655230045318604, "_step": 999, "_wandb": {"runtime": 2}}