{"Last Values": 0.20680281107827092, "_timestamp": 1698845696.144755, "_runtime": 6.750895977020264, "_step": 2, "_wandb": {"runtime": 5}}