{"Last Values": 0.12592879384606206, "_timestamp": 1698845834.075027, "_runtime": 3.23453688621521, "_step": 4, "_wandb": {"runtime": 2}}