{"acc": 0.7547593250910519, "loss": 0.17535655999409755, "_timestamp": 1696273018.725891, "_runtime": 3.1879560947418213, "_step": 7, "_wandb": {"runtime": 1}}