{"Parameter logged: success-rate": 0.2498437499999966, "_timestamp": 1697166954.123019, "_runtime": 4.194175958633423, "_step": 999, "_wandb": {"runtime": 4}}