{"Parameter logged: success-rate": -77.7777777777788, "_timestamp": 1696617396.328213, "_runtime": 3.0806028842926025, "_step": 999, "_wandb": {"runtime": 2}}