{"collision-rate": 0.9972686595021637, "_timestamp": 1698837276.0438678, "_runtime": 6.5040037631988525, "_step": 999, "_wandb": {"runtime": 5}}