{"success-rate": 0.4923861222569989, "_timestamp": 1698434016.644259, "_runtime": 3.940145969390869, "_step": 999, "_wandb": {"runtime": 3}}