{"Parameter logged: success-rate": 6.668014432879854e+242, "_timestamp": 1696617581.545608, "_runtime": 4.514636039733887, "_step": 999, "_wandb": {"runtime": 4}}