{"acc": 0.7967445864302967, "loss": 0.14556310650324628, "_timestamp": 1696276274.7671418, "_runtime": 4.210568904876709, "_step": 7, "_wandb": {"runtime": 2}}