{"Parameter logged: success-rate": -705.0, "_timestamp": 1696616398.408703, "_runtime": 3.8699281215667725, "_step": 999, "_wandb": {"runtime": 3}}