{"success-rate": -0.04250135016350276, "_timestamp": 1698818527.684546, "_runtime": 9.041320085525513, "_step": 999, "_wandb": {"runtime": 9}}