{"collision-rate": 0.148849450697495, "_timestamp": 1698845773.155283, "_runtime": 3.7591309547424316, "_step": 999, "_wandb": {"runtime": 2}}