{"last-values": 0.08719205960534793, "_timestamp": 1698211095.6316411, "_runtime": 7.034157037734985, "_step": 0, "_wandb": {"runtime": 5}}