{"Parameter logged: success-rate": 0.0, "_timestamp": 1696618177.412392, "_runtime": 3.1931209564208984, "_step": 999, "_wandb": {"runtime": 3}}