{"success-rate": -69.50748543066042, "_timestamp": 1696404293.169694, "_runtime": 4.4731340408325195, "_step": 999, "_wandb": {"runtime": 3}}