{"success-rate": 0.12592879384606206, "_timestamp": 1698845752.6685271, "_runtime": 6.514529228210449, "_step": 999, "_wandb": {"runtime": 6}}