{"acc": 0.8657623631898261, "loss": 0.09530867416332314, "_timestamp": 1696276329.555354, "_runtime": 5.741185188293457, "_step": 7, "_wandb": {"runtime": 4}}