{"success-rate": 0.2498437499999966, "_timestamp": 1697602886.502728, "_runtime": 5.820192098617554, "_step": 999, "_wandb": {"runtime": 5}}