{"success-rate": -69.50748543066042, "_timestamp": 1696405827.846677, "_runtime": 3.525254011154175, "_step": 999, "_wandb": {"runtime": 3}}