{"acc": 0.7715590496899045, "loss": 0.22858433569643014, "_timestamp": 1696273010.818809, "_runtime": 3.2682809829711914, "_step": 7, "_wandb": {"runtime": 1}}