{"acc": 0.7943601072239184, "loss": 0.19805711156743477, "_timestamp": 1696276344.738152, "_runtime": 3.260509967803955, "_step": 7, "_wandb": {"runtime": 1}}