{"Parameter logged": -69.50748543066042, "_timestamp": 1696406268.014122, "_runtime": 3.4198360443115234, "_step": 999, "_wandb": {"runtime": 3}}