{"acc": 0.7329755754999949, "loss": 0.30402741503785596, "_timestamp": 1696276337.871455, "_runtime": 4.8956458568573, "_step": 7, "_wandb": {"runtime": 3}}