{"Parameter logged: collision-rate": 0.6977582905247633, "_timestamp": 1696411096.307115, "_runtime": 6.585236072540283, "_step": 999, "_wandb": {"runtime": 7}}