{"success-rate": 0.11688249870001308, "_timestamp": 1698210276.354319, "_runtime": 5.9708662033081055, "_step": 999, "_wandb": {"runtime": 5}}