{"acc": 0.7587565552410335, "loss": 0.19770612307080307, "_timestamp": 1696276296.972393, "_runtime": 6.104682922363281, "_step": 7, "_wandb": {"runtime": 2}}