{"collision-rate": 0.8087510829950163, "_timestamp": 1698836748.831618, "_runtime": 3.728991985321045, "_step": 999, "_wandb": {"runtime": 2}}