{"acc": 0.8351175712214621, "loss": 0.06971874298570027, "_timestamp": 1696405526.069291, "_runtime": 2.3098502159118652, "_step": 7, "_wandb": {"runtime": 1}}