{"2023-10-27": 0.06255855448250536, "_timestamp": 1698434983.7996979, "_runtime": 2.910364866256714, "_step": 9, "_wandb": {"runtime": 2}}