{"collision-rate": 0.6946598393168717, "_timestamp": 1698833327.074195, "_runtime": 5.888640880584717, "_step": 999, "_wandb": {"runtime": 4}}