{"loss": 0.2, "_timestamp": 1696407765.408027, "accuracy": 0.8, "_runtime": 4.525647878646851, "_step": 0, "_wandb": {"runtime": 3}}