{"collision-rate": 0.3014981924253459, "_timestamp": 1697169151.403053, "_runtime": 2.915215015411377, "_step": 999, "_wandb": {"runtime": 2}}