{"Parameter logged: success-rate": 0.2498437499999966, "_timestamp": 1696619708.8776069, "_runtime": 4.027375936508179, "_step": 999, "_wandb": {"runtime": 3}}