{"success-rate": 0.2498437499999966, "_timestamp": 1697636466.045583, "_runtime": 5.767977952957153, "_step": 999, "_wandb": {"runtime": 5}}