{"success-rate": -69.50748543066042, "_timestamp": 1696403638.986442, "_runtime": 3.92733097076416, "_step": 999, "_wandb": {"runtime": 3}}