{"Parameter logged: success-rate": 0.2498437499999966, "_timestamp": 1697168373.561965, "_runtime": 3.2608039379119873, "_step": 999, "_wandb": {"runtime": 3}}