{"success-rate": 0.08719205960534793, "_timestamp": 1698211082.1439471, "_runtime": 7.570112228393555, "_step": 999, "_wandb": {"runtime": 7}}