{"success-rate": 0.5432389532170314, "_timestamp": 1698828335.867372, "_runtime": 21.4147789478302, "_step": 999, "_wandb": {"runtime": 8}}