{"last-values": 0.4923861222569989, "_timestamp": 1698434033.346286, "_runtime": 5.4469709396362305, "_step": 7, "_wandb": {"runtime": 4}}