{"Parameter logged: success-rate": -5.532110091741579, "_timestamp": 1696617243.978888, "_runtime": 3.3089849948883057, "_step": 999, "_wandb": {"runtime": 3}}