{"success-rate": -69.50748543066042, "_timestamp": 1696404301.586713, "_runtime": 4.503107070922852, "_step": 999, "_wandb": {"runtime": 3}}