{"reward": 0.24095678956110744, "_timestamp": 1698845724.612119, "_runtime": 3.0957138538360596, "_step": 999, "_wandb": {"runtime": 2}}