{"success-rate": 0.01386353357908282, "_timestamp": 1701244717.2309709, "_runtime": 4.013621807098389, "_step": 999, "_wandb": {"runtime": 3}}