{"success-rate": 0.2498437499999966, "_timestamp": 1697169320.465081, "_runtime": 3.7916059494018555, "_step": 999, "_wandb": {"runtime": 3}}