{"acc": 0.47228259589867816, "loss": 0.5551232631628042, "_timestamp": 1696276500.650038, "_runtime": 4.6639111042022705, "_step": 17, "test": 9, "_wandb": {"runtime": 3}}