{"success-rate": 0.2498437499999966, "_timestamp": 1697602243.456276, "_runtime": 4.628028869628906, "_step": 999, "_wandb": {"runtime": 4}}