{"acc": 0.9481191528017407, "loss": 0.049583232601682126, "_timestamp": 1696276352.5926678, "_runtime": 4.715276718139648, "_step": 7, "_wandb": {"runtime": 3}}