{"collision-rate": 0.8095211673701252, "_timestamp": 1698828483.177511, "_runtime": 8.467561960220337, "_step": 999, "_wandb": {"runtime": 3}}