{"acc": 0.9085936890687452, "loss": 0.016661929842941486, "_timestamp": 1696405463.610068, "_runtime": 3.5230791568756104, "_step": 7, "_wandb": {"runtime": 2}}