{"success-rate": 0.2498437499999966, "_timestamp": 1697602349.5078678, "_runtime": 4.040649890899658, "_step": 999, "_wandb": {"runtime": 4}}