{"success-rate": 0.13675329984427462, "_timestamp": 1698836731.4375522, "_runtime": 3.7380433082580566, "_step": 999, "_wandb": {"runtime": 3}}