{"acc": 0.6785230450398347, "loss": 0.37897885372240997, "_timestamp": 1696276319.804003, "_runtime": 4.891762971878052, "_step": 7, "_wandb": {"runtime": 2}}