{"acc": 0.9137930128183864, "loss": 0.0255488330593235, "_timestamp": 1696405443.4446442, "_runtime": 3.3767271041870117, "_step": 7, "_wandb": {"runtime": 1}}