{"_step": 0, "_runtime": 3.7459237575531006, "accuracy": 0.8, "_timestamp": 1696408071.151132, "loss": 0.2, "_wandb": {"runtime": 3}}