{"success-rate": 0.2498437499999966, "_timestamp": 1697603355.696534, "_runtime": 6.305653810501099, "_step": 999, "_wandb": {"runtime": 5}}