{"success-rate": 0.2498437499999966, "_timestamp": 1697601794.638366, "_runtime": 5.070733070373535, "_step": 999, "_wandb": {"runtime": 5}}